<?xml version="1.0" encoding="UTF-8"?>
<config xmlns="http://www.knime.org/2008/09/XMLConfig" xmlns:xsi="http://www.w3.org/2001/XMLSchema-instance" xsi:schemaLocation="http://www.knime.org/2008/09/XMLConfig http://www.knime.org/XMLConfig_2008_09.xsd" key="table_meta_info">
    <entry key="table_ID" type="xint" value="140"/>
    <entry key="table_type" type="xstring" value="extension_table"/>
    <config key="table_references">
        <entry key="array-size" type="xint" value="0"/>
    </config>
    <entry key="table_implementation" type="xstring" value="org.knime.core.data.columnar.table.UnsavedColumnarContainerTable"/>
    <config key="table_derived_settings">
        <entry key="table_size" type="xlong" value="2374"/>
        <entry key="columnstore_factory_type" type="xstring" value="org.knime.core.columnar.arrow.ArrowColumnStoreFactory"/>
    </config>
    <entry key="table_file_name" type="xstring" value="data.zip"/>
</config>
